<?xml version="1.0" encoding="UTF-8"?>
<project-private xmlns="http://www.netbeans.org/ns/project-private/1">
    <editor-bookmarks xmlns="http://www.netbeans.org/ns/editor-bookmarks/2" lastBookmarkId="0"/>
    <open-files xmlns="http://www.netbeans.org/ns/projectui-open-files/2">
        <group>
            <file>file:/D:/PRJ/Gaming_Cypher/src/java/Model/Service.java</file>
            <file>file:/D:/PRJ/Gaming_Cypher/src/java/Model/Payment.java</file>
            <file>file:/D:/PRJ/Gaming_Cypher/src/java/Service/UsageSessionService.java</file>
            <file>file:/D:/PRJ/Gaming_Cypher/src/java/Model/Customer.java</file>
            <file>file:/D:/PRJ/Gaming_Cypher/src/java/Model/ServiceUsage.java</file>
            <file>file:/D:/PRJ/Gaming_Cypher/src/java/Model/UsageSession.java</file>
            <file>file:/D:/PRJ/Gaming_Cypher/src/java/Dao/UsageSessionDAO.java</file>
            <file>file:/D:/PRJ/Gaming_Cypher/src/java/Model/Zone.java</file>
            <file>file:/D:/PRJ/Gaming_Cypher/src/java/Model/CustomerAccount.java</file>
            <file>file:/D:/PRJ/Gaming_Cypher/src/java/Dao/DatabaseInfor.java</file>
            <file>file:/D:/PRJ/Gaming_Cypher/src/java/Model/Computer.java</file>
            <file>file:/D:/PRJ/Gaming_Cypher/web/index.html</file>
            <file>file:/D:/PRJ/Gaming_Cypher/src/java/Model/Employee.java</file>
        </group>
    </open-files>
</project-private>
